USUBJID,ARM,SEX,AGE,BMIBL,RESPONSE
BIO-001,Placebo,F,55,38.9,Responder
BIO-002,Treatment,F,51,28.7,Non-responder
BIO-003,Placebo,M,43,27.2,Non-responder
BIO-004,Treatment,M,35,26.1,Non-responder
BIO-005,Treatment,M,58,26.6,Responder
BIO-006,Placebo,M,44,27.5,Non-responder
BIO-007,Treatment,M,54,26.8,Responder
BIO-008,Placebo,M,57,21.7,Non-responder
BIO-009,Treatment,F,52,30.3,Responder
BIO-010,Placebo,F,79,17.2,Non-responder
BIO-011,Treatment,F,37,22,Non-responder
BIO-012,Placebo,M,60,22.1,Non-responder
BIO-013,Placebo,M,66,25,Non-responder
BIO-014,Treatment,M,61,24.4,Responder
BIO-015,Placebo,M,52,24.4,Responder
BIO-016,Placebo,M,73,25.3,Responder
BIO-017,Placebo,F,63,28.6,Responder
BIO-018,Treatment,M,38,30.3,Non-responder
BIO-019,Treatment,M,49,26,Non-responder
BIO-020,Treatment,F,51,23.2,Non-responder
BIO-021,Placebo,F,48,27.6,Non-responder
BIO-022,Treatment,M,60,25.9,Responder
BIO-023,Placebo,F,53,26.4,Responder
BIO-024,Treatment,F,85,26.6,Non-responder
BIO-025,Placebo,F,55,21.6,Non-responder
BIO-026,Placebo,M,45,31.7,Non-responder
BIO-027,Placebo,M,54,21.3,Responder
BIO-028,Treatment,M,68,19.4,Responder
BIO-029,Treatment,M,67,24.3,Non-responder
BIO-030,Treatment,M,58,26.5,Non-responder
BIO-031,Treatment,M,60,35.5,Responder
BIO-032,Treatment,M,47,26.9,Non-responder
BIO-033,Treatment,F,50,23.9,Non-responder
BIO-034,Placebo,M,53,24.9,Non-responder
BIO-035,Placebo,F,69,28.5,Non-responder
BIO-036,Treatment,M,64,28.8,Responder
BIO-037,Placebo,M,63,21.1,Non-responder
BIO-038,Treatment,M,57,26.4,Non-responder
BIO-039,Placebo,F,64,25.6,Non-responder
BIO-040,Treatment,F,56,24.5,Non-responder
BIO-041,Treatment,M,58,27.7,Responder
BIO-042,Treatment,F,66,29.4,Responder
BIO-043,Placebo,F,46,29.6,Non-responder
BIO-044,Placebo,M,53,29.3,Responder
BIO-045,Placebo,F,58,25.5,Non-responder
BIO-046,Treatment,F,43,19.3,Non-responder
BIO-047,Treatment,F,63,29.3,Responder
BIO-048,Placebo,F,52,29.2,Non-responder
BIO-049,Treatment,F,35,20.8,Non-responder
BIO-050,Treatment,M,52,31.3,Non-responder
BIO-051,Treatment,M,60,20.8,Responder
BIO-052,Treatment,F,78,27.6,Non-responder
BIO-053,Treatment,F,39,26.1,Non-responder
BIO-054,Placebo,M,57,22.9,Responder
BIO-055,Placebo,M,67,33.3,Non-responder
BIO-056,Treatment,M,64,25.6,Responder
BIO-057,Placebo,M,55,26.4,Responder
BIO-058,Placebo,F,34,27.9,Responder
BIO-059,Placebo,F,64,28.3,Non-responder
BIO-060,Placebo,M,67,22.8,Non-responder
BIO-061,Placebo,M,49,19.9,Responder
BIO-062,Placebo,M,64,30.4,Non-responder
BIO-063,Treatment,M,43,28.3,Non-responder
BIO-064,Treatment,M,52,20.5,Responder
BIO-065,Treatment,M,53,41.4,Non-responder
BIO-066,Treatment,M,58,20.4,Non-responder
BIO-067,Placebo,F,61,18,Non-responder
BIO-068,Placebo,M,49,33.8,Responder
BIO-069,Treatment,M,43,26,Non-responder
BIO-070,Placebo,M,60,24,Responder
BIO-071,Placebo,M,58,25.9,Non-responder
BIO-072,Treatment,F,57,20.2,Non-responder
BIO-073,Treatment,M,48,30.9,Non-responder
BIO-074,Treatment,M,61,24.4,Non-responder
BIO-075,Placebo,F,37,26.2,Non-responder
BIO-076,Placebo,M,43,21.2,Non-responder
BIO-077,Treatment,F,66,24.3,Non-responder
BIO-078,Treatment,M,44,24.8,Responder
BIO-079,Placebo,F,50,28.5,Responder
BIO-080,Placebo,F,48,29.7,Responder
BIO-081,Placebo,F,65,31.4,Responder
BIO-082,Treatment,F,73,28.1,Responder
BIO-083,Placebo,F,64,33.3,Non-responder
BIO-084,Placebo,M,69,30.5,Non-responder
BIO-085,Placebo,F,50,31.3,Non-responder
BIO-086,Placebo,F,59,26.1,Non-responder
BIO-087,Treatment,F,71,27.3,Responder
BIO-088,Treatment,F,52,28.8,Non-responder
BIO-089,Placebo,M,25,33.6,Non-responder
BIO-090,Placebo,F,36,30.2,Responder
BIO-091,Placebo,M,55,33.5,Responder
BIO-092,Placebo,M,39,29.2,Responder
BIO-093,Placebo,M,85,18.6,Non-responder
BIO-094,Placebo,M,61,21.5,Non-responder
BIO-095,Placebo,F,57,28,Non-responder
BIO-096,Treatment,F,70,37.3,Non-responder
BIO-097,Placebo,M,50,34.2,Responder
BIO-098,Placebo,F,52,27.7,Non-responder
BIO-099,Placebo,M,55,28.3,Responder
BIO-100,Placebo,M,62,27.3,Responder
BIO-101,Placebo,M,49,28.2,Non-responder
BIO-102,Treatment,F,79,27.2,Non-responder
BIO-103,Treatment,F,75,36,Non-responder
BIO-104,Treatment,M,40,28.1,Non-responder
BIO-105,Placebo,M,39,21.2,Responder
BIO-106,Placebo,F,34,36.8,Non-responder
BIO-107,Placebo,F,56,33,Non-responder
BIO-108,Treatment,F,51,27.9,Non-responder
BIO-109,Placebo,F,58,30.6,Non-responder
BIO-110,Treatment,F,52,26.8,Responder
BIO-111,Treatment,M,44,27.2,Responder
BIO-112,Placebo,F,44,29.8,Non-responder
BIO-113,Treatment,M,69,29.9,Responder
BIO-114,Treatment,F,48,30.2,Non-responder
BIO-115,Placebo,M,75,27.4,Non-responder
BIO-116,Placebo,M,67,22.6,Non-responder
BIO-117,Placebo,F,57,24.1,Non-responder
BIO-118,Placebo,F,47,25.2,Non-responder
BIO-119,Treatment,M,72,27.7,Responder
BIO-120,Treatment,M,72,32.5,Responder
BIO-121,Treatment,M,66,29.8,Non-responder
BIO-122,Placebo,M,46,31.6,Non-responder
BIO-123,Treatment,F,47,21.3,Non-responder
BIO-124,Placebo,M,57,24,Non-responder
BIO-125,Treatment,M,58,27.2,Non-responder
BIO-126,Treatment,F,72,24.9,Non-responder
BIO-127,Treatment,F,56,29.6,Responder
BIO-128,Placebo,F,69,31.2,Responder
BIO-129,Treatment,M,73,28.1,Non-responder
BIO-130,Placebo,M,39,26,Responder
BIO-131,Placebo,F,59,29.2,Non-responder
BIO-132,Placebo,F,42,29.2,Responder
BIO-133,Treatment,F,52,23.1,Responder
BIO-134,Treatment,F,56,30.2,Non-responder
BIO-135,Treatment,F,48,31.9,Responder
BIO-136,Treatment,M,43,24.7,Non-responder
BIO-137,Treatment,M,50,20.2,Non-responder
BIO-138,Placebo,M,56,27.9,Responder
BIO-139,Treatment,M,48,34.5,Non-responder
BIO-140,Treatment,M,50,26.8,Non-responder
BIO-141,Treatment,F,58,27.6,Responder
BIO-142,Treatment,F,71,25.7,Non-responder
BIO-143,Treatment,F,77,23.9,Responder
BIO-144,Placebo,M,78,21.8,Non-responder
BIO-145,Placebo,M,57,30.3,Non-responder
BIO-146,Treatment,M,74,32,Non-responder
BIO-147,Placebo,M,59,25.8,Non-responder
BIO-148,Placebo,F,49,28.1,Non-responder
BIO-149,Placebo,M,79,31.9,Responder
BIO-150,Placebo,M,35,36.9,Non-responder
BIO-151,Treatment,M,60,28.6,Non-responder
BIO-152,Placebo,M,64,32.8,Responder
BIO-153,Placebo,F,46,32.5,Non-responder
BIO-154,Treatment,M,59,23.4,Non-responder
BIO-155,Treatment,F,64,24.7,Responder
BIO-156,Placebo,M,46,26.8,Responder
BIO-157,Treatment,M,67,27.8,Responder
BIO-158,Treatment,M,47,33.3,Non-responder
BIO-159,Treatment,F,49,24.4,Non-responder
BIO-160,Treatment,F,48,29.1,Responder
BIO-161,Placebo,F,47,26.7,Responder
BIO-162,Treatment,M,47,28.2,Non-responder
BIO-163,Placebo,M,57,24.6,Non-responder
BIO-164,Treatment,F,71,30.4,Non-responder
BIO-165,Treatment,F,51,26.2,Non-responder
BIO-166,Treatment,F,65,32.5,Non-responder
BIO-167,Treatment,M,58,27.6,Non-responder
BIO-168,Placebo,F,42,36,Responder
BIO-169,Treatment,F,66,24,Responder
BIO-170,Placebo,M,41,22.6,Non-responder
BIO-171,Treatment,M,61,27.5,Non-responder
BIO-172,Treatment,M,44,30,Responder
BIO-173,Placebo,M,63,29.3,Non-responder
BIO-174,Placebo,F,58,25.5,Non-responder
BIO-175,Placebo,M,64,29.5,Non-responder
BIO-176,Placebo,M,66,27.4,Non-responder
BIO-177,Treatment,F,62,29.5,Responder
BIO-178,Placebo,F,55,23.7,Non-responder
BIO-179,Treatment,F,56,29.9,Non-responder
BIO-180,Placebo,M,51,31.3,Non-responder
BIO-181,Treatment,M,62,24.8,Responder
BIO-182,Placebo,F,63,28.2,Non-responder
BIO-183,Treatment,M,56,24.1,Responder
BIO-184,Placebo,M,58,23.3,Non-responder
BIO-185,Placebo,F,65,26.3,Responder
BIO-186,Treatment,F,59,23.4,Responder
BIO-187,Placebo,F,50,24.1,Non-responder
BIO-188,Treatment,F,55,23.5,Non-responder
BIO-189,Placebo,F,50,30.8,Non-responder
BIO-190,Placebo,M,67,32.5,Responder
BIO-191,Treatment,M,40,29.5,Responder
BIO-192,Treatment,M,51,33.2,Responder
BIO-193,Treatment,M,32,25.2,Non-responder
BIO-194,Placebo,M,72,31.3,Non-responder
BIO-195,Treatment,F,51,31.3,Non-responder
BIO-196,Treatment,F,47,29.2,Responder
BIO-197,Treatment,M,49,26.6,Non-responder
BIO-198,Treatment,F,62,23.7,Responder
BIO-199,Placebo,M,58,27.9,Non-responder
BIO-200,Placebo,F,35,23.7,Non-responder
