USUBJID,PARAMCD,PARAM,AVAL,CNSR
BIO-001,EFS,Event-free survival (months),2.34,0
BIO-002,EFS,Event-free survival (months),2.22,0
BIO-003,EFS,Event-free survival (months),9.14,0
BIO-004,EFS,Event-free survival (months),7.43,0
BIO-005,EFS,Event-free survival (months),22.42,1
BIO-006,EFS,Event-free survival (months),24,1
BIO-007,EFS,Event-free survival (months),10.76,0
BIO-008,EFS,Event-free survival (months),3.15,0
BIO-009,EFS,Event-free survival (months),24,1
BIO-010,EFS,Event-free survival (months),3.96,0
BIO-011,EFS,Event-free survival (months),24,1
BIO-012,EFS,Event-free survival (months),2.64,0
BIO-013,EFS,Event-free survival (months),1.97,1
BIO-014,EFS,Event-free survival (months),3.9,0
BIO-015,EFS,Event-free survival (months),17.32,0
BIO-016,EFS,Event-free survival (months),1.06,0
BIO-017,EFS,Event-free survival (months),21.78,0
BIO-018,EFS,Event-free survival (months),4.43,0
BIO-019,EFS,Event-free survival (months),10.97,0
BIO-020,EFS,Event-free survival (months),24,1
BIO-021,EFS,Event-free survival (months),8.49,0
BIO-022,EFS,Event-free survival (months),17.31,0
BIO-023,EFS,Event-free survival (months),0.43,0
BIO-024,EFS,Event-free survival (months),24,1
BIO-025,EFS,Event-free survival (months),20.04,0
BIO-026,EFS,Event-free survival (months),13.4,0
BIO-027,EFS,Event-free survival (months),0.01,0
BIO-028,EFS,Event-free survival (months),24,1
BIO-029,EFS,Event-free survival (months),3.91,0
BIO-030,EFS,Event-free survival (months),1.43,0
BIO-031,EFS,Event-free survival (months),24,1
BIO-032,EFS,Event-free survival (months),22.52,0
BIO-033,EFS,Event-free survival (months),3.01,0
BIO-034,EFS,Event-free survival (months),24,1
BIO-035,EFS,Event-free survival (months),8.49,0
BIO-036,EFS,Event-free survival (months),12.31,1
BIO-037,EFS,Event-free survival (months),24,1
BIO-038,EFS,Event-free survival (months),2.49,0
BIO-039,EFS,Event-free survival (months),3.82,0
BIO-040,EFS,Event-free survival (months),24,1
BIO-041,EFS,Event-free survival (months),4.18,0
BIO-042,EFS,Event-free survival (months),22.03,0
BIO-043,EFS,Event-free survival (months),1.81,0
BIO-044,EFS,Event-free survival (months),1.05,0
BIO-045,EFS,Event-free survival (months),17.35,0
BIO-046,EFS,Event-free survival (months),11.97,0
BIO-047,EFS,Event-free survival (months),22.08,1
BIO-048,EFS,Event-free survival (months),11.69,0
BIO-049,EFS,Event-free survival (months),8.36,0
BIO-050,EFS,Event-free survival (months),4.76,0
BIO-051,EFS,Event-free survival (months),3.2,0
BIO-052,EFS,Event-free survival (months),14.96,0
BIO-053,EFS,Event-free survival (months),11.39,1
BIO-054,EFS,Event-free survival (months),3.34,0
BIO-055,EFS,Event-free survival (months),5.94,0
BIO-056,EFS,Event-free survival (months),10.55,0
BIO-057,EFS,Event-free survival (months),8.17,1
BIO-058,EFS,Event-free survival (months),8.28,0
BIO-059,EFS,Event-free survival (months),2.96,0
BIO-060,EFS,Event-free survival (months),0.57,0
BIO-061,EFS,Event-free survival (months),11.92,0
BIO-062,EFS,Event-free survival (months),24,1
BIO-063,EFS,Event-free survival (months),2.67,0
BIO-064,EFS,Event-free survival (months),23.32,0
BIO-065,EFS,Event-free survival (months),6.2,1
BIO-066,EFS,Event-free survival (months),24,1
BIO-067,EFS,Event-free survival (months),6.83,0
BIO-068,EFS,Event-free survival (months),24,1
BIO-069,EFS,Event-free survival (months),24,1
BIO-070,EFS,Event-free survival (months),24,1
BIO-071,EFS,Event-free survival (months),9.28,0
BIO-072,EFS,Event-free survival (months),1.6,0
BIO-073,EFS,Event-free survival (months),24,1
BIO-074,EFS,Event-free survival (months),19.32,1
BIO-075,EFS,Event-free survival (months),6.97,0
BIO-076,EFS,Event-free survival (months),23.44,1
BIO-077,EFS,Event-free survival (months),24,1
BIO-078,EFS,Event-free survival (months),8.61,0
BIO-079,EFS,Event-free survival (months),7.33,0
BIO-080,EFS,Event-free survival (months),20.45,0
BIO-081,EFS,Event-free survival (months),7.27,0
BIO-082,EFS,Event-free survival (months),24,1
BIO-083,EFS,Event-free survival (months),24,1
BIO-084,EFS,Event-free survival (months),4.04,0
BIO-085,EFS,Event-free survival (months),10.75,0
BIO-086,EFS,Event-free survival (months),1.05,0
BIO-087,EFS,Event-free survival (months),6.77,0
BIO-088,EFS,Event-free survival (months),19.63,0
BIO-089,EFS,Event-free survival (months),7.21,1
BIO-090,EFS,Event-free survival (months),4.87,1
BIO-091,EFS,Event-free survival (months),10.35,0
BIO-092,EFS,Event-free survival (months),15.56,0
BIO-093,EFS,Event-free survival (months),24,1
BIO-094,EFS,Event-free survival (months),24,1
BIO-095,EFS,Event-free survival (months),22.03,1
BIO-096,EFS,Event-free survival (months),19.21,0
BIO-097,EFS,Event-free survival (months),2.11,1
BIO-098,EFS,Event-free survival (months),10.39,0
BIO-099,EFS,Event-free survival (months),0.44,0
BIO-100,EFS,Event-free survival (months),16.68,0
BIO-101,EFS,Event-free survival (months),24,1
BIO-102,EFS,Event-free survival (months),0.41,0
BIO-103,EFS,Event-free survival (months),18.15,0
BIO-104,EFS,Event-free survival (months),2.93,0
BIO-105,EFS,Event-free survival (months),3.35,0
BIO-106,EFS,Event-free survival (months),11.67,0
BIO-107,EFS,Event-free survival (months),11.81,1
BIO-108,EFS,Event-free survival (months),8.41,0
BIO-109,EFS,Event-free survival (months),24,1
BIO-110,EFS,Event-free survival (months),11.15,0
BIO-111,EFS,Event-free survival (months),18.16,0
BIO-112,EFS,Event-free survival (months),3.93,0
BIO-113,EFS,Event-free survival (months),12.13,1
BIO-114,EFS,Event-free survival (months),4.29,0
BIO-115,EFS,Event-free survival (months),7.71,0
BIO-116,EFS,Event-free survival (months),13.51,0
BIO-117,EFS,Event-free survival (months),15.18,0
BIO-118,EFS,Event-free survival (months),9.7,0
BIO-119,EFS,Event-free survival (months),5.24,0
BIO-120,EFS,Event-free survival (months),5.32,1
BIO-121,EFS,Event-free survival (months),19.39,1
BIO-122,EFS,Event-free survival (months),18.14,0
BIO-123,EFS,Event-free survival (months),4.37,0
BIO-124,EFS,Event-free survival (months),24,1
BIO-125,EFS,Event-free survival (months),3.33,0
BIO-126,EFS,Event-free survival (months),24,1
BIO-127,EFS,Event-free survival (months),9.71,0
BIO-128,EFS,Event-free survival (months),1.49,0
BIO-129,EFS,Event-free survival (months),0.23,0
BIO-130,EFS,Event-free survival (months),1.83,0
BIO-131,EFS,Event-free survival (months),24,1
BIO-132,EFS,Event-free survival (months),2.2,0
BIO-133,EFS,Event-free survival (months),9.75,0
BIO-134,EFS,Event-free survival (months),3.68,0
BIO-135,EFS,Event-free survival (months),10.16,0
BIO-136,EFS,Event-free survival (months),3.98,0
BIO-137,EFS,Event-free survival (months),4.04,0
BIO-138,EFS,Event-free survival (months),7.82,0
BIO-139,EFS,Event-free survival (months),6.89,1
BIO-140,EFS,Event-free survival (months),23.66,0
BIO-141,EFS,Event-free survival (months),6.15,0
BIO-142,EFS,Event-free survival (months),6.1,1
BIO-143,EFS,Event-free survival (months),24,1
BIO-144,EFS,Event-free survival (months),3.94,0
BIO-145,EFS,Event-free survival (months),16.02,0
BIO-146,EFS,Event-free survival (months),14.98,1
BIO-147,EFS,Event-free survival (months),14.17,0
BIO-148,EFS,Event-free survival (months),12.03,1
BIO-149,EFS,Event-free survival (months),11.23,0
BIO-150,EFS,Event-free survival (months),10.64,0
BIO-151,EFS,Event-free survival (months),1.16,1
BIO-152,EFS,Event-free survival (months),16.13,0
BIO-153,EFS,Event-free survival (months),24,1
BIO-154,EFS,Event-free survival (months),15.7,0
BIO-155,EFS,Event-free survival (months),5.88,1
BIO-156,EFS,Event-free survival (months),3.3,0
BIO-157,EFS,Event-free survival (months),4.79,0
BIO-158,EFS,Event-free survival (months),2.35,0
BIO-159,EFS,Event-free survival (months),24,1
BIO-160,EFS,Event-free survival (months),24,1
BIO-161,EFS,Event-free survival (months),5.48,0
BIO-162,EFS,Event-free survival (months),4.8,0
BIO-163,EFS,Event-free survival (months),15.06,0
BIO-164,EFS,Event-free survival (months),0.14,1
BIO-165,EFS,Event-free survival (months),6.49,0
BIO-166,EFS,Event-free survival (months),24,1
BIO-167,EFS,Event-free survival (months),9.86,0
BIO-168,EFS,Event-free survival (months),2.49,1
BIO-169,EFS,Event-free survival (months),5.63,0
BIO-170,EFS,Event-free survival (months),0.51,0
BIO-171,EFS,Event-free survival (months),10.78,0
BIO-172,EFS,Event-free survival (months),5.63,0
BIO-173,EFS,Event-free survival (months),9.86,0
BIO-174,EFS,Event-free survival (months),10.25,0
BIO-175,EFS,Event-free survival (months),0.99,0
BIO-176,EFS,Event-free survival (months),1.85,0
BIO-177,EFS,Event-free survival (months),24,1
BIO-178,EFS,Event-free survival (months),17.42,0
BIO-179,EFS,Event-free survival (months),24,1
BIO-180,EFS,Event-free survival (months),2.28,0
BIO-181,EFS,Event-free survival (months),2.74,0
BIO-182,EFS,Event-free survival (months),8.86,0
BIO-183,EFS,Event-free survival (months),1.98,0
BIO-184,EFS,Event-free survival (months),13.05,0
BIO-185,EFS,Event-free survival (months),12.3,0
BIO-186,EFS,Event-free survival (months),0.84,1
BIO-187,EFS,Event-free survival (months),12.34,1
BIO-188,EFS,Event-free survival (months),19.29,0
BIO-189,EFS,Event-free survival (months),23.03,0
BIO-190,EFS,Event-free survival (months),21.41,1
BIO-191,EFS,Event-free survival (months),5.74,1
BIO-192,EFS,Event-free survival (months),19.96,0
BIO-193,EFS,Event-free survival (months),24,1
BIO-194,EFS,Event-free survival (months),24,1
BIO-195,EFS,Event-free survival (months),24,1
BIO-196,EFS,Event-free survival (months),3.08,0
BIO-197,EFS,Event-free survival (months),0.07,0
BIO-198,EFS,Event-free survival (months),10.59,0
BIO-199,EFS,Event-free survival (months),9.68,1
BIO-200,EFS,Event-free survival (months),18.8,1
